{
    "metrics": {
        "http_req_blocked": {
            "med": 0.008,
            "max": 0.8,
            "p(90)": 0.01410000000000001,
            "p(95)": 0.016,
            "avg": 0.022957142857142787,
            "min": 0.001
        },
        "http_req_waiting": {
            "max": 11.585,
            "p(90)": 2.0952,
            "p(95)": 2.3682499999999997,
            "avg": 1.2960476190476182,
            "min": 0.269,
            "med": 1.117
        },
        "http_req_failed": {
            "passes": 0,
            "fails": 420,
            "thresholds": {
                "rate<0.01": false
            },
            "value": 0
        },
        "checks": {
            "passes": 210,
            "fails": 0,
            "value": 1
        },
        "code_2xx": {
            "count": 210,
            "rate": 1.0024869553175093
        },
        "http_reqs": {
            "rate": 2.0049739106350186,
            "count": 420
        },
        "http_req_duration{expected_response:true}": {
            "avg": 1.4098523809523817,
            "min": 0.31,
            "med": 1.2225000000000001,
            "max": 11.664,
            "p(90)": 2.265,
            "p(95)": 2.582349999999999
        },
        "http_req_connecting": {
            "max": 0.588,
            "p(90)": 0,
            "p(95)": 0,
            "avg": 0.010992857142857143,
            "min": 0,
            "med": 0
        },
        "data_sent": {
            "count": 57606,
            "rate": 274.99649308581166
        },
        "vus_max": {
            "value": 10,
            "min": 10,
            "max": 10
        },
        "iterations": {
            "count": 210,
            "rate": 1.0024869553175093
        },
        "vus": {
            "min": 0,
            "max": 1,
            "value": 0
        },
        "http_req_tls_handshaking": {
            "med": 0,
            "max": 0,
            "p(90)": 0,
            "p(95)": 0,
            "avg": 0,
            "min": 0
        },
        "http_req_sending": {
            "avg": 0.027804761904761884,
            "min": 0.004,
            "med": 0.023,
            "max": 0.175,
            "p(90)": 0.04710000000000001,
            "p(95)": 0.053
        },
        "http_req_receiving": {
            "med": 0.072,
            "max": 1.192,
            "p(90)": 0.112,
            "p(95)": 0.12709999999999996,
            "avg": 0.08599999999999997,
            "min": 0.025
        },
        "http_req_duration": {
            "p(90)": 2.265,
            "p(95)": 2.582349999999999,
            "avg": 1.4098523809523817,
            "min": 0.31,
            "med": 1.2225000000000001,
            "max": 11.664,
            "thresholds": {
                "p(95)<2000": false,
                "p(99)<5000": false
            }
        },
        "iteration_duration": {
            "avg": 3.3582708809523805,
            "min": 1.173334,
            "med": 3.0084165,
            "max": 13.712208,
            "p(90)": 4.8595128,
            "p(95)": 5.462669050000001
        },
        "data_received": {
            "count": 690270,
            "rate": 3295.1746221286535
        }
    },
    "root_group": {
        "path": "",
        "id": "d41d8cd98f00b204e9800998ecf8427e",
        "groups": {},
        "checks": {
                "2xx/3xx": {
                    "name": "2xx/3xx",
                    "path": "::2xx/3xx",
                    "id": "c1d2c33f6c7d741743914ac2e1ae01c8",
                    "passes": 210,
                    "fails": 0
                }
            },
        "name": ""
    }
}