{
    "root_group": {
        "checks": {
            "2xx/3xx": {
                "name": "2xx/3xx",
                "path": "::2xx/3xx",
                "id": "c1d2c33f6c7d741743914ac2e1ae01c8",
                "passes": 187,
                "fails": 0
            }
        },
        "name": "",
        "path": "",
        "id": "d41d8cd98f00b204e9800998ecf8427e",
        "groups": {}
    },
    "metrics": {
        "vus": {
            "min": 0,
            "max": 1,
            "value": 0
        },
        "iterations": {
            "count": 187,
            "rate": 1.0003002559019467
        },
        "data_sent": {
            "count": 51348,
            "rate": 274.6706820323698
        },
        "http_req_duration": {
            "p(90)": 2.3615000000000004,
            "p(95)": 2.8277499999999995,
            "avg": 1.531435828877005,
            "min": 0.322,
            "med": 1.3145,
            "max": 12.135,
            "thresholds": {
                "p(95)<2000": false,
                "p(99)<5000": false
            }
        },
        "http_reqs": {
            "count": 374,
            "rate": 2.0006005118038934
        },
        "http_req_blocked": {
            "avg": 0.025350267379679107,
            "min": 0.001,
            "med": 0.008,
            "max": 1.475,
            "p(90)": 0.014,
            "p(95)": 0.018
        },
        "http_req_waiting": {
            "avg": 1.3998556149732622,
            "min": 0.293,
            "med": 1.1975,
            "max": 12.061,
            "p(90)": 2.164,
            "p(95)": 2.6256999999999997
        },
        "http_req_sending": {
            "avg": 0.03125935828877006,
            "min": 0.004,
            "med": 0.023,
            "max": 1.16,
            "p(90)": 0.048,
            "p(95)": 0.05634999999999998
        },
        "http_req_tls_handshaking": {
            "min": 0,
            "med": 0,
            "max": 0,
            "p(90)": 0,
            "p(95)": 0,
            "avg": 0
        },
        "vus_max": {
            "value": 10,
            "min": 10,
            "max": 10
        },
        "http_req_failed": {
            "passes": 0,
            "fails": 374,
            "thresholds": {
                "rate<0.01": false
            },
            "value": 0
        },
        "data_received": {
            "count": 614669,
            "rate": 3287.986941149699
        },
        "checks": {
            "passes": 187,
            "fails": 0,
            "value": 1
        },
        "http_req_connecting": {
            "min": 0,
            "med": 0,
            "max": 1.275,
            "p(90)": 0,
            "p(95)": 0,
            "avg": 0.012954545454545456
        },
        "http_req_receiving": {
            "p(95)": 0.14069999999999996,
            "avg": 0.1003208556149733,
            "min": 0.015,
            "med": 0.0795,
            "max": 1.703,
            "p(90)": 0.123
        },
        "http_req_duration{expected_response:true}": {
            "max": 12.135,
            "p(90)": 2.3615000000000004,
            "p(95)": 2.8277499999999995,
            "avg": 1.531435828877005,
            "min": 0.322,
            "med": 1.3145
        },
        "iteration_duration": {
            "min": 1.032125,
            "med": 3.150958,
            "max": 20.46725,
            "p(90)": 4.9717503999999995,
            "p(95)": 6.1106831,
            "avg": 3.6379117593582886
        },
        "code_2xx": {
            "count": 187,
            "rate": 1.0003002559019467
        }
    }
}