{
    "metrics": {
        "http_req_tls_handshaking": {
            "p(90)": 0,
            "p(95)": 0,
            "avg": 0,
            "min": 0,
            "med": 0,
            "max": 0
        },
        "http_req_sending": {
            "med": 0.025,
            "max": 0.121,
            "p(90)": 0.049900000000000014,
            "p(95)": 0.054,
            "avg": 0.031303986710963426,
            "min": 0.004
        },
        "iteration_duration": {
            "med": 3.695958,
            "max": 16.885833,
            "p(90)": 4.61,
            "p(95)": 5.023625,
            "avg": 3.641586415282393,
            "min": 0.844208
        },
        "http_reqs": {
            "count": 602,
            "rate": 2.00657891897054
        },
        "http_req_failed": {
            "passes": 0,
            "fails": 602,
            "thresholds": {
                "rate<0.01": false
            },
            "value": 0
        },
        "http_req_duration{expected_response:true}": {
            "p(95)": 2.5652999999999997,
            "avg": 1.5498970099667775,
            "min": 0.266,
            "med": 1.5150000000000001,
            "max": 12.694,
            "p(90)": 2.1845000000000003
        },
        "data_received": {
            "count": 989387,
            "rate": 3297.8124533280825
        },
        "http_req_receiving": {
            "avg": 0.09337209302325575,
            "min": 0.019,
            "med": 0.092,
            "max": 1.126,
            "p(90)": 0.119,
            "p(95)": 0.12894999999999998
        },
        "code_2xx": {
            "count": 301,
            "rate": 1.00328945948527
        },
        "vus": {
            "max": 1,
            "value": 1,
            "min": 0
        },
        "vus_max": {
            "value": 10,
            "min": 10,
            "max": 10
        },
        "http_req_connecting": {
            "avg": 0.008860465116279071,
            "min": 0,
            "med": 0,
            "max": 1.238,
            "p(90)": 0,
            "p(95)": 0
        },
        "http_req_waiting": {
            "p(95)": 2.37185,
            "avg": 1.4252209302325578,
            "min": 0.233,
            "med": 1.392,
            "max": 12.542,
            "p(90)": 2.0072
        },
        "data_sent": {
            "count": 82626,
            "rate": 275.40795641006616
        },
        "checks": {
            "passes": 301,
            "fails": 0,
            "value": 1
        },
        "iterations": {
            "count": 301,
            "rate": 1.00328945948527
        },
        "http_req_duration": {
            "min": 0.266,
            "med": 1.5150000000000001,
            "max": 12.694,
            "p(90)": 2.1845000000000003,
            "p(95)": 2.5652999999999997,
            "avg": 1.5498970099667775,
            "thresholds": {
                "p(95)<2000": false,
                "p(99)<5000": false
            }
        },
        "http_req_blocked": {
            "max": 1.355,
            "p(90)": 0.015,
            "p(95)": 0.017,
            "avg": 0.02054817275747496,
            "min": 0.002,
            "med": 0.009
        }
    },
    "root_group": {
        "name": "",
        "path": "",
        "id": "d41d8cd98f00b204e9800998ecf8427e",
        "groups": {},
        "checks": {
                "2xx/3xx": {
                    "name": "2xx/3xx",
                    "path": "::2xx/3xx",
                    "id": "c1d2c33f6c7d741743914ac2e1ae01c8",
                    "passes": 301,
                    "fails": 0
                }
            }
    }
}